{"loss": [1.40462064743042, 0.46200406551361084, 0.2722701132297516, 0.19225439429283142, 0.14266961812973022, 0.11014056205749512, 0.09324932843446732, 0.07404477894306183, 0.06676692515611649, 0.05727240815758705], "accuracy": [0.5876520276069641, 0.8535742163658142, 0.9122554659843445, 0.9372643828392029, 0.9535529017448425, 0.9637100696563721, 0.9693292379379272, 0.9757024049758911, 0.9779074192047119, 0.9817910194396973], "val_loss": [0.5170483589172363, 0.26000919938087463, 0.20755577087402344, 0.1703118085861206, 0.12321850657463074, 0.13978730142116547, 0.11885634809732437, 0.13741637766361237, 0.1568780243396759, 0.18044541776180267], "val_accuracy": [0.8357614278793335, 0.916344165802002, 0.9328477382659912, 0.9435465335845947, 0.9609606266021729, 0.9583997130393982, 0.9624971747398376, 0.9593102931976318, 0.9500341415405273, 0.9503756165504456]}